{"text": " Hello, friends! It's me, Dino! I have a super fun surprise to share with you today!", "segments": [{"id": 0, "seek": 0, "start": 0.0, "end": 3.4, "text": " Hello, friends! It's me, Dino!", "tokens": [50364, 2425, 11, 1855, 0, 467, 311, 385, 11, 413, 2982, 0, 50534], "temperature": 0.0, "avg_logprob": -0.3861964089529855, "compression_ratio": 1.0246913580246915, "no_speech_prob": 0.2901637554168701}, {"id": 1, "seek": 0, "start": 3.4, "end": 7.0, "text": " I have a super fun surprise to share with you today!", "tokens": [50534, 286, 362, 257, 1687, 1019, 6365, 281, 2073, 365, 291, 965, 0, 50714], "temperature": 0.0, "avg_logprob": -0.3861964089529855, "compression_ratio": 1.0246913580246915, "no_speech_prob": 0.2901637554168701}], "language": "en"}